Actual_Price,Predicted_Price
425.0,423.9605970529969
60.0,59.33407834392376
62.15,61.558636939561886
55.0,53.691197827054935
98.0,97.19467209628836
48.45,49.261624628397925
75.0,75.55381017343761
90.0,86.41523924505722
84.0,84.28079784617226
60.0,59.61618715405865
39.59,40.158016110438126
155.0,155.04636441866063
52.32,54.24642371401435
115.0,115.6144945276002
75.0,75.21898519249076
95.0,95.67953909846987
66.0,66.47702938470869
61.0,61.534745254946095
49.5,50.34774276027192
31.83,32.14390577490942
40.5,40.01486609207956
59.0,62.692010283957245
39.99,39.57053309308931
42.0,41.62736390703448
44.0,43.61803852579315
75.0,75.01520398901852
120.0,123.04390154875877
287.0,287.19035768252206
165.0,167.5948378745438
300.0,301.091287715464
38.0,38.319182133767306
62.0,62.82388768273905
68.59,67.01864060734509
41.94,41.64372985694382
41.0,40.642980778062025
46.0,46.01675280435
80.0,78.77153130598373
300.0,296.10846332944965
54.0,53.184248179925596
37.0,36.19575361293935
110.0,110.0869549343553
64.08,64.90456742864521
49.0,49.44935093676168
123.0,122.43217954631933
125.0,125.83506053395648
68.0,67.72218692535357
36.0,38.02036636437906
68.0,67.88524318610386
75.0,75.27383266521754
70.0,67.95853421295459
46.08,47.663411473789274
81.0,80.02131131222173
50.0,50.50230108029763
89.0,89.37602344487233
81.0,79.73129758186126
150.0,140.3847190395189
46.5,46.66649830110308
53.0,52.81037046925622
180.0,180.11975576086476
200.0,195.10912090974372
78.0,78.28395305706822
90.0,89.62572157745588
410.0,889.317400353323
85.0,86.07217880409496
92.0,91.70317743982542
99.39,99.1502595298132
370.0,356.0158011951816
142.0,144.79029317401958
25.4,26.039576397762456
139.0,135.93803618213178
105.0,103.99313998663311
76.0,76.32931223543264
69.0,68.38986698033654
167.0,167.07176332087093
48.72,48.8516480672139
120.0,119.29801474949946
57.0,58.33242677617581
103.0,101.41555290506697
600.0,605.067326007326
112.0,115.19455506834578
68.0,67.7894150838659
58.27,57.0431263187355
300.0,299.4408902371934
101.0,100.4040736175108
46.0,45.25226914891017
52.5,51.75332518505602
63.25,63.31217161849489
164.0,162.81700371948745
36.0,36.328107781240526
28.0,29.111337964499267
70.0,71.37791459762082
84.0,84.02506992845754
42.0,40.75165593184086
57.0,56.8743412824517
29.0,29.10849535192506
52.5,54.307009603237496
80.0,79.1110173514945
90.0,90.12989331454172
86.0,85.46940318645447
70.0,66.90002182963588
98.0,97.72064199771354
300.0,301.2098133840687
37.5,38.2697880420326
333.0,332.1108793350185
58.25,57.89950717818113
65.0,65.04873440414323
57.0,56.55748622402504
121.0,118.86679416515847
160.0,158.6836731422755
39.0,38.8022515106899
52.5,52.549149490749315
82.0,82.19981434641001
82.0,82.15195159222293
125.0,120.35722052058665
120.0,119.33431463334574
85.0,82.68493360291936
109.0,109.79845891834817
300.0,294.20602380952386
13.31,14.193562015876928
97.5,96.37890618883195
44.0,43.56451451815558
47.25,47.586568912244495
32.5,32.81480176427569
67.0,67.49011218217359
157.0,154.96994198399813
212.0,210.02160626376065
45.0,44.47901002348957
35.0,35.11300773536762
110.0,114.86164381293453
65.0,64.59336518467349
75.0,75.08832837452108
192.0,184.484059498281
60.0,59.672432758015276
60.0,59.56302954810146
75.0,75.40430506502862
95.0,94.48748875325755
52.0,51.23721120329802
44.0,44.751502743266656
200.0,198.34767238011514
108.0,108.61812488888097
17.0,16.540916196947315
75.0,69.49347520782568
45.79,45.82432656543281
12.5,11.755730836136737
46.5,47.284753205788036
42.41,41.28891388627442
122.0,121.77117452133456
29.0,28.925299987090202
30.215,29.77413953563161
135.0,134.68859047111764
90.0,89.85752495009663
50.0,50.33731546236826
46.38,46.423576816651746
17.09,16.37433593870442
47.0,47.012398802542585
51.77,51.324930764992786
40.0,40.251050321905765
48.0,48.821187538953616
86.8,84.430289122549
77.68,77.61373833286251
58.0,58.034136076678124
22.0,23.938658272238328
32.92,32.97395355793864
240.0,240.2218406733412
32.0,31.70766516408176
70.0,68.17416172749166
74.52,75.03173833838504
180.0,180.27380105897825
108.0,107.71294082207389
165.0,164.4090562963082
43.0,42.5707091484367
160.0,159.3790044597356
32.0,33.65372203041532
98.0,99.68909748102898
115.0,116.75293613542682
90.0,89.82911419903972
185.0,181.0829758385362
200.0,196.61031440447488
220.0,218.0621704990646
80.0,79.2388381622514
56.1,56.36001866778451
68.0,70.17580171530619
85.0,85.13714113205916
130.0,128.2866678988649
70.0,70.13317555481198
125.0,124.82652702629326
36.0,34.77545846450577
83.73,84.88829600802792
71.28,71.14525915916913
96.8,97.09886501973683
50.0,49.92336530340955
65.0,64.82497597768601
113.0,112.20308926083551
45.0,45.29754287958699
80.0,78.97121719541127
145.0,148.68814200368624
400.0,403.8291525178964
60.0,59.80239794558214
64.0,64.06826904391876
55.0,54.927293301854085
55.0,55.09325029243308
40.25,40.75083857205759
100.0,99.19946936153654
48.5,47.201038937078884
95.0,95.16807957452875
25.0,25.433846451102248
150.0,148.49320867444558
61.95,61.71918161827673
38.5,38.418718898745695
42.79,42.48148006737161
190.0,191.69570786523414
95.0,96.13116946345235
70.93,71.34512196272416
60.0,59.76586435377595
240.0,239.66308506527682
115.0,115.15280482456139
420.0,423.11500853136096
46.0,45.98068055639036
15.0,16.224509915561526
350.0,343.9574664747877
43.0,42.53291989293418
31.0,31.433012433348527
12.0,11.702163785381286
57.39,55.341269992080036
52.0,52.96610572164117
120.0,116.93266928508417
60.0,53.85660538600291
63.0,62.88017678866268
175.0,174.17933326363163
75.0,75.23901887676936
76.02,77.68241078631064
45.5,45.46124589315088
66.0,66.16507387835945
48.0,47.76783946843941
31.48,32.51772879361339
95.0,94.57019034617795
43.0,43.92055362819006
47.0,46.74926114424297
335.0,327.41229950650336
140.0,140.8909208558985
180.0,180.27380105897825
64.0,64.69663697244319
46.13,46.194906875779225
335.0,335.1986341054911
240.0,238.60862218010735
36.0,37.33750579815369
335.0,329.2770605024071
35.0,35.86003761969185
74.4,74.4598331458916
47.25,47.586568912244495
49.0,49.16618029005768
63.0,63.43611203756813
52.25,52.08346402283678
46.0,46.02282605825666
75.0,75.23991007871534
65.0,64.92123001263911
102.0,103.3425796369016
82.0,83.77999840029648
125.0,125.25883158915103
38.0,38.319182133767306
125.0,123.82262865058145
36.0,35.223587750320156
74.0,74.98965476421341
135.0,133.40632717673552
100.0,99.17822485265606
112.0,110.46324976354131
82.0,81.899219129452
66.5,65.62958330541183
75.0,75.03126067160733
78.0,77.94973151521008
68.4,68.63110243461111
41.0,41.77404593731146
65.0,64.98891024597832
82.0,82.87564012154546
220.0,219.7768958056049
43.0,42.27676703146167
32.0,31.2581790098292
234.0,234.95638094895082
55.0,55.18441683200213
83.0,83.47347262853624
66.0,65.9788650551146
65.0,64.6724605242544
95.0,95.08128930250858
65.0,65.00410818804417
50.0,50.251500200614686
90.0,90.27877716082027
104.0,148.09458424981028
85.41,86.06135722043709
103.0,99.96315919075231
112.0,113.50311478771296
38.37,38.90241090809642
33.0,32.728008217451695
189.0,193.7651988605312
70.0,69.87642641797518
95.0,88.9516723528132
25.0,25.16457921000938
68.0,68.10075743152652
298.0,282.5082955743723
50.0,49.37663697114076
32.0,32.69536874438378
62.0,61.66875370260814
73.0,72.94416861705675
66.5,66.99177193295404
69.25,68.46074951631503
148.0,148.64211510381608
66.0,66.47702938470869
33.64,33.719072858709005
125.0,125.25426436725311
100.0,99.18957037801927
60.0,59.198248697653554
75.5,75.1601678710375
84.22,85.0069047627996
61.26,60.79508681490513
66.0,66.35892379386
35.0,35.11300773536762
425.0,409.32234386302827
52.0,51.9497047948605
180.0,180.27380105897825
550.0,541.7728333333332
60.0,59.49898759430423
104.0,103.87834181800113
160.0,164.18148607644474
48.0,47.7996066096623
150.0,150.08676160168662
50.0,49.677480852281384
88.0,87.88747284262219
35.0,35.101028332679
145.0,143.6595256033746
260.0,248.86365253860043
33.0,30.9412980110003
68.0,68.28721450954663
57.0,57.08969479387431
48.0,47.730516700660445
250.0,244.272913241329
69.0,67.64968490197057
68.0,67.76108767690154
62.89,61.66964645677254
123.0,122.8804940940099
170.0,169.38871330931545
145.0,148.6750171663374
29.99,29.288831688254344
75.0,76.02769326929992
87.0,85.95489861101278
89.0,89.43981228654675
85.0,85.73524386942309
51.0,54.19968997763617
128.0,128.55754955828488
113.0,110.43369616328646
54.24,54.702485265294065
245.0,241.15407229631361
180.0,180.27380105897825
67.0,66.213171512998
95.0,92.06448569119917
488.0,465.97291336216347
105.0,103.36887599967972
60.0,59.52974941733106
85.0,85.11887578688076
60.0,59.674399558395955
62.0,61.72173554595721
33.0,32.05280736597294
65.0,65.45905347638441
28.0,29.201349815872145
65.0,64.6483452081593
72.0,71.61316736957343
901.0,804.1219761904763
41.38,41.64248104715158
68.0,65.79239376598326
173.0,169.81613574256517
104.0,103.69404653798014
63.0,63.33029689699555
200.0,199.73483069178175
43.55,43.04052620252556
68.0,68.36576733011162
53.0,53.295758737748905
74.4,74.4598331458916
39.98,40.48098067489677
134.0,131.63629542305773
33.51,33.719072858709005
65.0,64.81499273545609
43.0,42.567307791495885
90.0,88.45714542861839
148.0,141.53041666666667
72.0,71.4039828943383
149.0,148.3906748634862
425.0,424.728190932973
40.0,40.35175404142684
75.0,74.89707881679546
69.0,68.8338488578158
62.63,63.3313189568557
63.0,64.1715098696813
65.0,65.56567798425328
55.0,55.254843476862476
42.0,41.6663528366192
58.0,58.28571818986101
38.0,38.89473300703949
46.0,45.63621869818737
49.5,50.013136158599345
91.84,91.0474413204557
52.81,54.301357359160974
224.5,214.9866096388838
197.0,198.41059842998118
97.0,96.71456369270248
65.0,64.57349158196817
98.0,98.1642787560899
105.0,104.19459810347064
182.0,180.76123778726247
105.0,104.1058584620505
37.0,38.485244172575634
90.0,89.98793253944106
55.0,53.64248335478384
83.3,83.22617285893874
528.0,541.432982905983
176.0,180.5239857147943
43.0,42.770114880173686
38.0,34.99787078990593
115.0,115.1363216256745
94.71,94.84863969295508
155.0,153.52559820121778
50.0,49.7738661383001
90.0,89.78001784446207
94.71,93.84089009018
11.66,13.508307331989652
138.0,138.77516343083437
465.0,454.871264237552
90.0,92.83169320263578
58.5,58.536113073047154
100.0,93.97614425209504
60.0,60.135217149308865
56.0,56.34528886567363
45.0,45.71808223553797
43.0,43.006593574619025
72.0,72.72031709637537
120.0,120.03963435654875
465.0,457.07084812033594
90.0,88.48899126195171
85.0,86.07217880409496
69.61,68.78463323872414
980.0,986.563642857143
44.0,44.751502743266656
150.0,144.4563987095264
78.0,77.65629472183981
35.0,34.77771926222914
60.0,60.406188306493895
177.0,170.53958600576985
85.0,86.11424547076163
70.0,70.13317555481198
225.0,235.3467905625157
325.0,328.75474162111345
171.0,171.538516017493
235.0,229.288542325687
56.0,55.63043921558573
205.0,203.80142716431914
59.0,58.97593730329442
31.86,32.50613058218195
42.69,43.18116484196387
50.0,49.96811914956339
55.0,55.05411959828526
113.0,111.79735198290305
40.0,41.102138789612255
150.0,147.91575219376855
120.0,118.17425855992244
135.0,137.2332168032784
50.0,49.37663697114076
200.0,201.82522898925484
95.0,95.08128930250858
52.48,52.58435964678922
25.0,25.454107246843407
124.0,127.07363842873137
45.9,45.75468678412166
130.0,130.9798147540013
127.0,121.74965893568445
696.0,629.4688412698412
35.53,35.89192950749053
62.0,63.038148777195644
84.5,83.89987346770023
50.4,50.30733092212921
71.03,70.4767973325082
46.8,45.48251186698376
40.0,39.58165220556409
33.84,34.89750891851
48.0,47.08745184756695
72.0,71.33410172710876
62.0,62.67417848363393
42.79,42.61007117637434
233.0,232.22816998572836
30.35,29.848784402936854
42.0,40.87630454513413
83.0,83.36357735225039
58.935,59.112077584327054
260.0,258.46099801613144
53.5,54.29112296643797
50.0,49.08404975534985
215.0,215.65604014314368
660.0,655.8027822594072
40.0,39.04150646276363
110.0,109.85664251443055
125.0,120.32574865911478
550.0,554.3324813774816
23.65,24.7736841035763
38.0,38.319182133767306
45.0,44.993049586559295
44.0,44.39784002537492
82.0,80.2191380393006
140.0,139.58456707127195
40.54,40.109959647196206
63.0,63.09303971546914
270.0,268.06852430874574
18.0,16.576535731239478
97.0,97.18624944910705
85.0,86.07940102631719
58.0,58.734236960238746
477.0,467.66244747010626
99.13,98.59809871680135
47.88,48.37458636625595
56.0,55.77928139015414
35.03,35.47937752654633
18.5,17.617294591250662
46.5,45.63621869818737
60.0,59.527934828930626
280.0,266.78072007359765
29.0,29.50161034831566
260.0,258.29449806699154
77.3,77.66854678596559
44.0,43.51959231938082
58.0,58.324295628817715
100.0,97.92169384566971
55.0,53.98383599332703
242.0,239.61100404568307
226.0,229.71098588916522
30.0,30.335188738977745
62.0,62.320551654560546
230.0,228.03235335397324
49.5,49.892388888528146
40.47,41.085467915883974
35.5,36.038676111243916
235.0,235.12875738668427
169.0,169.25733399897064
139.0,136.98066595251154
85.0,85.50191893348806
43.0,43.08957543923079
195.0,192.7700677750376
136.0,132.04512073614268
89.61,90.07042333477624
56.0,55.66274719317
75.0,75.26631425279058
280.0,280.34893630480985
237.0,237.52045496720325
69.0,69.25312545086314
61.0,61.08335596122358
50.92,50.57436400512064
260.0,267.5841237312657
88.0,88.3817437568308
97.6,97.8345551794212
33.0,32.87297256910003
140.0,138.44442114228457
55.0,53.81481502394749
160.0,158.55206616791892
37.0,35.46696899921625
350.0,343.49215716520297
90.0,89.43430451173136
55.0,55.37555597382717
60.0,59.56302954810146
53.12,54.69229826089253
145.0,147.36781836099794
165.0,164.08030288909293
56.0,55.66594521990427
62.0,61.65073564681967
120.0,121.03206789863042
90.0,89.04598376799451
198.0,198.57255788944065
350.0,346.3925379253237
60.0,61.032795102599174
26.0,26.04545912349711
53.0,51.18748568094504
41.0,41.35175175224965
38.0,35.808747106526994
250.0,244.4632007600243
55.0,55.42836570990832
125.0,125.1214061429309
192.0,196.76099672841778
37.72,37.00865182788408
51.0,49.439913921728966
97.0,98.21281862238936
430.0,430.3332712721167
153.5,154.5705668816264
19.0,20.965881684146794
75.0,74.49226024382911
15.0,14.808512305189415
72.0,70.92907328162337
17.0,16.853057733159005
93.5,93.97902538961328
110.0,112.07054079565305
55.5,55.78622145130615
91.0,90.0303943718848
200.0,198.52588023130977
34.0,34.229154399515004
60.0,59.50437503471516
43.0,42.49135833212806
42.0,41.719074392496644
155.0,152.7579180106993
145.0,145.48171400641243
94.36,94.45906193429825
39.6,38.70329393688587
85.0,85.40938570925971
37.0,38.8593755411719
68.0,67.42919982690297
90.0,89.24940715346696
67.5,66.82852119247691
55.0,54.818513277023925
105.0,104.33658383688412
58.0,58.28987557863269
50.74,50.52528044298628
95.0,93.92646790313147
65.01,65.08685155192177
370.0,378.6691919209102
160.0,149.22560524312036
206.0,206.68121528121884
29.5,30.03296279580837
90.75,90.61659690117986
65.0,65.56567798425328
55.0,55.23818813653752
200.0,205.32067224734337
42.73,42.955946649455726
230.0,231.02987648782718
60.0,59.674399558395955
185.0,187.59791035981783
54.0,54.90226265896055
145.0,146.50505212029458
138.0,129.6211111111111
125.0,126.83247474747473
360.0,362.3677993967677
420.0,417.6462908095913
60.0,59.47985988129783
34.0,34.80052413503673
150.0,151.071874966875
300.0,291.9489404761905
55.0,55.32903993015857
70.0,69.91405301608309
160.0,159.34812214796503
380.0,379.8976822591531
42.0,41.84579222629217
82.0,80.65433470952213
48.0,49.04761480881771
85.0,85.79184927343313
42.81,42.648025222937385
95.0,95.08128930250858
78.0,76.89412354295895
66.39,66.50275616697574
71.0,70.64324932362432
180.0,173.1667216321982
74.9,75.24475618352248
800.0,778.4824642857143
80.0,80.13548598390297
63.0,62.653002291868745
44.0,43.26043001457964
55.0,55.86616108664593
225.0,217.68707428187932
145.0,148.17030560976795
59.0,58.878172677068854
80.0,82.2722385535445
85.0,84.92168500367089
80.0,79.60231367422124
54.0,53.509268401108194
54.0,54.8482162930664
61.2,61.443020491769666
52.0,50.94859165156883
74.5,74.58933449967668
39.5,40.305026010588115
27.5,27.419766468590243
82.0,80.75987237097719
75.0,75.2768256734159
38.5,38.95512389066575
200.0,198.4385737790278
40.5,39.84274680554434
220.0,220.30066065252157
240.0,238.93103871716465
75.0,72.47429420182957
67.0,67.23662234568953
55.0,54.854425269321524
200.0,201.29186535418506
210.0,206.076303674818
57.0,56.73403793897264
32.0,33.26390629475578
65.0,64.93847837024288
350.0,351.47325226579414
70.21,69.94210816668246
80.0,79.15295063351394
30.0,29.4054584634205
75.0,76.34005750665582
240.0,229.52107197059792
350.0,350.8883499772253
58.82,58.37561343811418
60.0,59.66273803595462
240.0,241.0682397210632
52.0,53.09715431658457
34.97,33.79458655598144
180.0,179.80567421790266
62.0,63.038148777195644
70.0,69.76249657681392
52.0,51.23721120329802
250.0,249.32831237080404
360.0,362.66065653962477
134.0,134.66695158222873
90.0,90.12516005675862
34.0,32.97539247657814
59.0,58.85633060159795
47.0,46.58151069227129
525.0,524.9586386646387
48.0,47.657770155678826
51.0,51.06687520475206
71.0,69.56825186061704
22.34,22.64820950497845
36.0,32.93490092043829
100.0,101.66851687011942
48.13,48.86427041551028
85.0,84.6127676516218
72.0,72.46883146941086
47.5,46.85740082445604
42.0,41.0487005159217
140.0,138.5970533161067
39.33,40.632381062989246
200.0,195.13855019497407
46.0,46.1509584238024
90.0,89.65494343940166
160.0,160.05310106664646
325.0,321.8656283944518
63.0,63.16154283733732
80.54,79.40075438242698
40.0,39.11422322444931
58.0,57.885035012966085
300.0,292.22144552669556
48.0,47.22115466734704
110.0,110.05129447419726
98.0,98.4062619121058
80.0,80.21908000919424
195.0,197.99330578659476
94.5,94.33967149962406
80.0,158.83724893234995
44.6,44.49229620546041
73.0,73.0871963258503
55.0,53.55378510446916
46.0,46.1509584238024
65.0,65.19143206748124
59.0,58.67506938166679
95.0,96.71009490215025
70.0,70.13317555481198
68.0,67.05177150042584
45.0,45.44137606777995
93.0,93.57316841095408
86.0,84.70524044384138
56.0,55.66274719317
230.0,228.98636129048114
50.0,50.17802329122993
47.0,46.50855945972688
120.0,118.643993104756
125.0,127.89998010339241
42.0,42.32446786003099
33.0,30.88202567647518
55.0,54.04511437651509
122.0,121.32530950379652
63.77,63.57412430058512
28.585,27.679361662851857
90.0,89.5207001819457
56.0,56.029256702131164
251.0,249.48523325728235
115.0,117.42354115468657
34.0,34.38709567576873
127.0,125.67124739719453
716.0,712.3823520923522
42.0,44.16968443466944
124.0,128.84716462518952
198.0,198.3664317633145
68.0,68.09291913838993
126.0,125.78612821028581
82.0,81.91786537093589
59.0,58.36415396039147
280.0,275.44690170992993
140.0,140.44435476380863
71.64,71.71383405541461
60.0,59.488056433478675
55.0,54.96246433512351
370.0,368.108910211608
160.0,163.94968079895446
285.0,281.4577335888355
134.0,131.58921561590748
175.0,176.0748879273122
46.1,45.39084708959449
59.6,60.04446536782855
195.0,196.84356101206325
140.0,139.3462974363336
96.0,95.7821649186758
76.77,76.60008750417437
50.0,49.37663697114076
140.0,139.54069110342414
78.0,77.65629472183981
135.0,133.8498156573325
165.0,167.23213604652562
300.0,294.51415700121123
60.0,59.602833822317955
175.0,172.32867774690004
177.0,180.16223715459432
60.0,61.95087113843122
165.0,164.89208659742692
75.0,74.58359060913506
120.0,120.44817357525031
40.42,40.400593571408336
45.0,45.4333375630428
77.5,77.8612758751986
82.0,82.7364844446184
63.0,63.51714099231672
99.0,98.89583603458978
98.88,99.53901869024494
47.25,47.586568912244495
117.0,117.9670999951139
72.0,73.12823887800003
85.0,84.91524583437642
42.0,42.32446786003099
50.0,49.7738661383001
130.0,129.62422956732516
105.0,106.39421302437799
45.35,45.45950996258694
28.785,27.233048410894654
160.0,158.11742141133908
268.0,260.84101664157095
48.0,48.05853506654711
103.0,101.90347070141539
76.0,75.32601880493922
110.0,109.85664251443055
43.59,43.04052620252556
130.0,131.62169631838958
349.0,348.6348866307461
34.0,35.046293951836944
75.0,74.7766376878368
28.88,29.10849535192506
400.0,399.2050231406209
83.0,83.98318164322832
59.6,60.04446536782855
87.0,86.9074803895821
290.0,283.7068135426535
55.0,54.927293301854085
55.0,55.225351167010146
57.0,57.573472971819236
58.0,57.371303251444196
55.0,55.26247735748634
45.88,45.118894139819815
63.0,63.42311097265604
72.0,73.16200986968941
67.4,66.82852119247691
20.0,20.45471406220539
57.0,56.35345116702106
325.0,326.05553163468414
97.0,95.11987903838903
150.0,149.91154100805142
50.0,49.37663697114076
150.0,150.09843672729224
42.25,42.103593481310384
282.0,281.17656414883095
65.0,65.7918858659858
110.0,110.19852083714255
63.0,63.5055621318915
53.5,54.64625535661565
104.0,102.33449489665786
700.0,598.1498935786436
142.0,139.87166746075468
62.0,61.25255154141015
40.0,40.270031137578194
69.0,69.07372413853743
150.0,149.60123495737932
55.0,54.839267164579205
90.0,88.78557268722487
120.0,120.03963435654875
56.0,55.595386872252774
345.0,340.5321712084813
68.0,68.17011631493186
75.0,73.80562543815603
75.0,75.0655295864636
49.9,49.32683357714123
70.0,69.21576910852865
120.0,119.61945738381597
46.86,46.297268021977935
101.0,101.16578907390874
31.0,31.06607437010619
31.7,35.173709656728605
312.0,312.69962373951915
128.0,128.30609436426369
12.0,13.084792681991214
52.76,52.225031364441875
82.0,82.4338626603609
34.9,35.43687358620109
36.75,37.24415065011878
57.0,58.697045304497614
110.0,109.85664251443055
65.0,64.58915374969438
75.0,74.63076656184111
220.0,220.3496683448293
32.67,32.54452639910027
71.0,71.60501167063208
32.92,32.97395355793864
55.0,55.497739544677614
90.0,89.51270126235872
100.0,100.08478575770285
125.0,123.17084582224423
42.52,42.570255753916236
80.0,80.29388146484528
64.0,62.632836386807575
71.5,71.4784514996538
125.0,125.84549852888074
35.23,34.96964343771198
100.0,101.37760802352561
95.0,95.25104681078699
156.0,156.86085610115808
45.0,46.70920845427734
95.0,95.91518681329099
57.15,57.00008750396153
60.0,59.90076983970142
97.38,97.40177553055335
203.0,199.48104860780083
48.0,48.821187538953616
30.0,29.4054584634205
90.0,90.11243935154482
32.0,32.63442310723051
128.0,127.44176552895249
49.0,48.61192775609902
120.0,119.80127454488448
62.63,61.879841239917624
88.0,87.87232548666522
76.0,75.78714949035061
180.0,181.40799060514303
85.0,86.21257880409496
53.105,52.41344698058842
27.6,28.94081770373602
16.0,15.697577808535115
75.0,74.38507088156193
67.0,67.41983674389547
305.0,299.9551500641602
104.0,106.27639650680354
92.0,90.23667124359405
170.0,169.43371330931546
56.0,55.95986428347266
72.0,72.26157978040237
60.0,60.641304756646505
34.0,33.41071153042864
125.0,126.91889541669231
125.0,125.5872471471659
64.08,64.90053273563196
46.5,46.608631279161344
85.0,85.04905157734318
45.0,45.0461677803138
60.84,59.239699271683996
353.0,353.02809197769506
220.0,214.48342619008622
67.0,67.41983674389547
33.0,32.393434062196704
67.0,67.4019853741078
117.0,116.75144929122713
27.0,27.025295194021723
125.0,125.31479803338166
35.0,35.23350083127728
85.0,85.07840612814967
48.0,47.432327116235804
90.0,92.83169320263578
115.0,115.34882199207127
57.9,58.324295628817715
90.0,89.66569209421331
65.0,66.58759203221068
47.0,47.55981965331547
44.8,44.283432128157536
60.75,60.43522664704849
67.0,66.87489491608561
61.0,61.09962326223127
70.0,69.45002556296133
200.0,198.07535704935927
160.0,159.97631269190168
70.0,68.58475138386417
37.0,36.83454021825277
65.0,65.353751740032
50.0,50.52318024648935
420.0,418.33572566127935
43.0,41.38196704325126
65.0,65.13539473065481
100.0,101.04554768281723
40.0,39.95238415640315
155.0,167.86790353110948
52.17,52.01160480503564
45.0,45.58031213909678
88.0,87.83206816547917
150.0,149.77775942339676
65.0,65.56567798425328
58.0,58.58184627856069
42.0,41.39709875991367
83.0,82.87459532819001
115.0,114.39646740150667
70.0,69.8916747255681
260.0,261.9078566387858
45.0,45.57064685678276
73.0,73.56528388127606
62.71,63.033624802036165
65.0,64.59336518467349
45.0,45.52968125808134
150.0,149.35125250123895
65.0,64.93917913929023
118.0,117.27726923133935
80.0,79.17668766853043
375.0,380.12361351122775
63.0,64.5308281340085
40.65,41.286848570267665
195.0,196.38223004782657
55.0,55.1426118877797
230.0,233.02318903307383
180.0,180.27380105897825
86.0,87.07758383542347
314.5,318.15655300478954
53.5,54.64625535661565
98.5,99.1215793968891
57.0,56.306384850228206
41.0,41.67979496542619
70.0,70.13317555481198
93.0,92.53605965918672
42.0,40.228540540575786
80.0,79.2388381622514
52.0,51.46975483163715
19.9,20.368683263203092
160.0,161.5164631043886
155.0,152.2950762812761
40.31,40.1764202460452
54.65,55.380182338996605
36.85,36.13608952103085
55.0,54.63259665182717
46.29,46.04345393692883
200.0,200.31010265790874
83.0,83.81849113750381
99.0,99.7685717976571
118.0,116.8081555563289
54.0,52.83793661780798
139.0,140.46950668280746
400.0,406.1977850670834
95.0,95.13600722104877
42.0,41.02388421287332
200.0,199.73483069178175
26.0,26.3429304776805
88.0,87.2936999116839
35.0,34.168144287938645
375.0,379.37363721956297
85.0,85.88625124061907
110.0,112.24334479053965
251.0,248.9255375573042
132.0,129.79944561904668
67.0,67.06524637757043
61.75,61.79360447333004
129.0,129.7857862507012
49.0,47.69398549875443
125.0,124.57375845876804
106.0,104.59638980261471
300.0,299.3239611435863
150.0,152.33624430598496
30.47,31.96186418035847
40.6,40.90241640696965
29.0,30.34824943500706
50.0,49.37663697114076
341.0,338.72778219833424
80.0,79.39713692659024
113.0,112.29828123880948
70.0,69.8916747255681
75.0,78.4537915812474
90.0,89.80987668570673
44.0,43.51959231938082
54.65,55.380182338996605
72.0,71.39038503117513
115.0,119.14782866131581
229.0,229.58900377726943
47.0,47.322676524951476
185.0,180.9179877872625
90.0,87.82071854451186
170.0,169.43371330931546
43.0,43.437875999822815
75.0,75.27377932679596
65.0,65.30148644856266
86.06,85.82679701512245
559.0,539.9216512909013
36.85,35.72643218970551
265.0,266.82762466287585
79.0,78.2691195608069
358.0,359.10393143139976
104.0,101.88028216840907
42.0,41.72963341229948
216.0,216.51282045114203
300.0,301.53970393889296
85.0,78.20171164614547
135.0,134.0537066324854
600.0,581.0594148629149
46.0,45.25226914891017
60.0,59.54875313703568
220.0,174.0921592143555
58.4,58.09301093177448
91.2,92.27462912473752
103.0,104.73809944250394
122.0,122.09010223545523
170.0,170.28795450411732
69.18,69.27515937865142
15.0,16.01494595659921
95.0,95.47052065525166
38.36,36.828563669375924
175.0,158.20492253692754
50.79,50.968433706974636
400.0,399.10154731089506
39.5,39.06196776510889
125.0,124.01981588374741
68.0,68.36576733011162
25.0,26.133580931847458
90.0,92.83169320263578
75.2,75.13627092785669
41.0,40.91891936839452
75.0,75.58063769977367
61.58,59.320188823543866
75.0,75.19495013324565
78.0,76.97296641507808
100.0,99.26031330332052
120.0,120.31036294699828
83.0,82.90602722201646
142.0,199.04591127060436
50.17,49.08404975534985
120.0,120.94766902757605
235.0,226.4924428718667
205.0,203.24069204028575
500.0,512.9414011875095
140.0,140.03509476548695
85.0,85.01574245460887
240.0,239.66308506527682
135.0,133.11132229827734
95.0,92.03362949025724
16.45,16.467298534804648
370.0,370.5893420001272
22.0,21.431359793766784
70.0,69.55289589335575
275.0,268.9364872627373
78.0,78.2319430272972
130.0,128.97448556998557
60.0,59.50437503471516
145.0,146.34220061388862
56.0,55.66274719317
17.835,16.877541397431283
60.0,58.74939833292384
260.0,253.2018340504463
43.66,42.75254685131572
51.47,51.39960899336872
95.0,94.9824812481987
35.0,34.91469621152848
31.5,32.08801598509027
54.48,54.5802809440049
140.0,136.85997971250592
146.0,146.216297255976
45.9,46.13503166756031
41.43,42.21260550351053
130.0,131.31720056495794
31.0,30.975010613378974
235.0,233.9896550151929
35.99,35.40991913193177
79.5,79.06784375520705
250.0,209.21781177156174
48.0,47.11405310623438
220.0,220.60246834482928
55.0,54.978991245692605
240.0,237.11647989206446
33.0,34.025129432891276
150.0,150.90231273608572
55.0,53.941485871130396
58.0,55.748022207597515
420.0,409.1821414827584
40.45,40.30617359312739
38.535,38.41480300093841
500.0,485.41961968586975
85.0,85.66761805423577
42.85,42.46175218159574
43.0,42.40349484971911
110.0,110.08288434689393
43.0,42.34771416134925
90.0,92.83169320263578
190.0,186.9590390918977
65.59,65.76103068594307
75.0,75.0406044630771
25.0,25.454606668803027
170.0,168.62618885318386
150.0,149.03806702451556
58.0,57.41971992973929
130.0,133.63371844014557
53.5,53.04995711704351
220.0,216.21516916619643
125.0,125.61307705559904
67.0,68.02655817482506
75.0,75.4369461144619
115.0,113.52848358015673
54.6,55.08236483204474
100.0,100.04251921320927
115.0,115.11087066097286
135.0,140.35238471707325
88.0,88.04133099257784
134.0,131.63629542305773
75.0,75.34928138619539
70.0,68.98579260443984
73.5,74.69708176751186
120.0,119.42088636347549
48.75,49.581012169214944
44.75,45.2323519076324
40.0,40.9519418203726
52.0,52.29219405482234
320.0,324.26017228774026
360.0,363.5187681642408
52.66,54.248078494635266
115.0,115.0442924554705
32.0,32.62149385369477
33.06,32.97395355793864
36.0,36.213952677988935
90.0,89.91425984076074
104.0,103.34186177142357
52.0,51.602355447847806
115.0,114.61274654972327
75.0,75.2768256734159
104.0,104.86228185156907
28.0,29.15244907561038
75.76,75.08376571841208
795.0,807.2678964646464
62.0,60.75239068841903
100.0,98.55814953698166
170.0,165.13592305072484
36.0,35.04407631409012
118.0,116.670568575008
60.0,59.63819496253808
135.0,138.38475617383605
100.0,96.07908533820938
55.0,55.225351167010146
35.0,35.55119810943684
125.0,125.25883158915103
49.02,48.90830017899358
53.0,53.84385461911527
150.0,149.7205017968552
50.0,49.7738661383001
125.0,124.80385981887173
88.0,89.07359342834066
60.0,60.324250902646185
70.0,69.91405301608309
148.0,147.9140046615499
70.0,69.98221051279504
70.0,69.8916747255681
46.0,46.1509584238024
46.48,46.09108707978598
39.0,39.166498238596084
49.0,48.62891106388796
46.0,46.90986533246804
65.0,65.56567798425328
97.0,97.23263289703209
93.0,93.61771630747599
44.0,45.14939521321751
70.0,70.60731092983156
55.0,55.6515287789593
60.0,60.63151502720449
82.0,82.07335726482442
89.0,89.05628342334624
40.44,40.219767260833564
33.7,34.58355850108126
43.0,40.3449114710603
105.0,106.70161529018266
95.0,96.58635922171823
92.0,92.73845905483405
344.0,349.34311181896487
158.0,152.10550220835353
78.0,78.0646873793761
400.0,400.8639044300198
218.0,214.25296391279682
69.0,68.9606771062821
80.0,78.71626083494851
55.79,55.42337283614253
140.0,139.39629743633358
56.0,55.66274719317
67.76,67.46899253619708
78.0,77.65629472183981
38.1,39.003187519278306
68.0,68.36576733011162
46.0,45.983618167137664
148.0,148.11425944605432
26.0,26.39171957202239
42.0,41.989313965674825
69.45,69.01443070846953
200.0,200.82672134777297
85.0,85.45188637873785
89.0,89.84060308792861
46.39,46.29819949410783
200.0,199.64765240404316
19.9,19.322107748006875
34.27,34.96460291051655
107.0,108.41205258888637
395.0,397.2511151204215
62.0,62.30947878675391
100.0,122.83615476190477
45.0,47.005321028934944
56.0,57.94067940660968
58.0,56.86046789268036
54.79,55.067121903129085
63.0,63.298226618997305
15.0,15.23876544299646
51.0,52.11819558221141
57.0,58.144357143193126
155.0,158.7937268679405
56.0,56.064598034049396
41.0,41.91806406345043
44.0,44.65957321812764
35.0,35.13812335760436
185.0,186.67049856237892
65.5,65.6483008086589
44.5,43.321698305063464
62.0,61.76635390670926
35.0,35.852323592622014
52.57,52.14210652331875
115.0,115.7559629719135
200.0,195.08467824896263
95.0,95.74622315171257
93.0,92.64743144576045
115.0,111.53736713313246
375.0,381.0042421199372
510.0,515.770034990535
38.4,39.4937203733425
52.0,52.371072844024766
65.0,66.4527226042548
492.0,485.23210418883957
58.0,56.52727717613968
89.0,93.93803118313255
56.0,55.66274719317
37.0,38.8593755411719
49.86,50.04418655758001
424.5,424.0795941468201
69.0,69.13812785976512
80.0,79.6088885380948
60.0,60.194598615182976
27.0,27.553583385576317
53.0,52.79365152120282
100.0,99.27278914959459
64.0,64.24345741064182
50.6,49.58400901486165
47.0,46.74926114424297
300.0,301.60125904975143
52.0,52.18940337203389
70.0,69.34233407973984
95.0,95.41313241414842
59.0,59.20630513048867
55.0,52.58680414030411
72.0,71.44087505960928
47.74,47.1519650630256
112.0,111.91622331507091
47.0,46.46594655813731
55.0,55.20416414893332
83.0,83.31990333785694
130.0,130.64364130132628
112.0,112.17294184258931
45.0,44.62438423956758
73.0,73.8329963320694
64.0,64.17470936777887
53.76,53.523137525977866
105.0,102.76501840929608
85.0,85.06070999452652
110.0,107.77109204011934
185.0,188.07772941809245
180.0,170.5629254379276
60.0,59.6453306186995
95.0,94.21377531773265
49.0,49.605400744817025
78.0,78.17926323673545
40.0,40.56794124648275
46.0,46.01692287013669
19.82,21.299873730287946
360.0,362.51441844438676
98.5,100.0466280750557
35.0,37.2999507760509
82.0,80.85362369710423
31.9,32.29434820024684
58.3,57.15359137269002
51.0,51.50424874331175
58.0,58.8987330095671
100.0,99.71875083977945
50.0,49.509166406901784
48.0,47.31766485563221
95.815,95.709755944348
187.0,192.239870655403
85.0,85.50529026174335
162.0,147.13887085137085
48.0,48.57444077432109
35.0,36.74462897113829
88.0,88.83660014133507
69.84,70.29821911500143
60.0,60.08887424796591
200.0,198.7134172673731
68.0,65.60379194447145
75.0,74.87554555066262
60.0,59.69017153056416
50.0,49.23025348272593
60.0,59.531817132045546
192.0,191.05024263843197
100.0,99.05638040821162
90.0,89.63299999155404
123.0,122.8804940940099
55.0,55.2773261406466
100.0,100.31649876281828
150.0,149.36856033208986
70.0,69.90103603278102
150.0,150.56943848258297
112.0,108.2743444825354
54.0,53.96441779475053
46.0,46.18618205522596
140.0,136.98066595251154
72.0,74.85263723044913
200.0,170.08181357603965
45.0,45.266748539131775
120.0,121.83201503916895
78.0,77.65629472183981
61.0,59.41964929613356
70.0,69.8916747255681
123.0,122.14613756191429
126.0,127.77873057252769
39.0,39.45865675723332
43.0,43.92055362819006
80.0,79.60485013379063
170.0,157.84279787081772
72.5,66.12953351311677
27.0,27.12818313453725
160.0,168.11049176640358
50.0,49.7738661383001
100.0,99.7685717976571
29.7,29.350822040197237
48.0,47.43611648210876
128.0,126.70405489363579
67.77,67.96277791017994
100.0,99.19946936153654
43.0,43.08957543923079
43.72,44.02745076251583
68.0,67.89017322571438
42.81,42.648025222937385
250.0,249.83828277909194
110.0,110.52784194810593
45.0,45.32390633692592
38.0,37.828817625781156
50.0,49.128030228744194
65.0,65.36433767652899
35.0,35.11300773536762
55.0,53.883120833893315
34.82,34.70305676003538
29.6,31.109013881434848
19.9,19.322107748006875
54.0,54.459140362107554
46.0,46.1509584238024
95.0,94.8649195374307
67.0,67.06524637757043
85.0,86.75189034000452
75.0,75.18367564130446
135.0,136.9278825365595
32.0,31.701689264284973
25.0,25.209635269365613
63.0,62.81622410734099
120.0,121.13327459392247
60.0,59.91625072469927
60.0,61.95087113843122
56.0,55.96882297886616
34.0,34.84250620050933
28.88,29.10849535192506
60.0,59.6453306186995
44.0,43.61803852579315
65.0,64.51332518286418
270.0,269.7856003105282
70.0,69.22525923950485
29.9,29.350822040197237
50.0,48.309313011752955
48.0,47.657770155678826
80.0,81.93857132866411
32.49,32.81480176427569
61.99,61.19209208510786
58.0,57.03577066427446
90.0,90.12989331454172
45.0,45.17450162973742
75.0,74.87554555066262
150.0,151.97658198729374
178.0,176.07232116559197
115.0,113.52848358015673
11.5,11.606665159823836
45.0,45.68130104569097
80.48,80.2300049194956
32.92,32.97395355793864
53.0,54.48738940172952
160.0,161.5164631043886
130.0,129.72678844319435
40.0,40.56794124648275
30.84,31.38928473037859
110.0,112.23982342129358
65.0,65.52045628863092
85.0,85.3668460727942
70.0,69.29517700646223
270.0,254.47437074543058
85.0,85.28493311230366
130.0,135.09873616011774
42.0,42.68577310760966
40.44,40.219767260833564
215.0,170.2930203254666
65.0,64.94367189301926
40.0,40.072072204575996
175.0,175.45932806014704
125.0,122.88302018404798
45.0,45.69695053271278
119.0,118.90752913470884
79.0,78.7361556234328
59.0,58.86309076986059
65.0,65.57909566265504
250.0,248.31746853175684
190.0,188.7743289078302
130.0,127.92366155832735
451.0,468.4517177544676
46.55,45.482757209963985
300.0,300.4995289085332
100.0,99.7685717976571
153.0,155.19684123570897
43.68,45.10047781362483
28.0,27.72443493157668
140.0,139.302868864905
50.79,49.25479638947565
55.0,55.09429827157543
93.0,93.6492177271766
115.0,111.81837790251946
255.0,249.55098462115853
133.0,127.79342087365696
65.49,65.48706402742253
21.0,21.765254808236524
64.08,65.03343233779366
140.0,143.78033384539208
39.0,39.04368340573504
46.0,48.83397158871534
40.0,40.56794124648275
36.4,37.1856458757387
66.78,67.25870051693764
242.0,243.5110734234299
65.0,65.58707584572227
34.0,32.97395355793864
103.0,104.69589132756708
31.0,29.389838549334357
78.0,77.25729927517686
44.0,44.751502743266656
80.0,78.85400761398613
160.0,163.9882522275259
65.0,65.38456204573656
75.0,75.37255605512077
90.0,89.88339974967553
68.32,68.50887254557146
86.03,84.56097328214041
52.0,51.82733013824382
180.0,176.48701410995633
240.0,238.54308511630643
78.0,78.47810328710567
68.0,67.65430981238124
154.0,155.21077668106025
24.5,25.24057881688533
64.5,65.13270716449053
38.0,40.13056991572319
110.0,111.45996136988319
33.99,34.92660181080338
465.0,475.6159161671661
45.0,45.286900763493264
55.0,55.438842886753044
81.0,80.89092277397019
55.5,55.402927891836335
71.8,71.70495878032081
20.0,19.5359457365491
40.0,40.526439012567096
37.77,38.764378583956706
85.0,85.25259653615939
32.6,33.72653860345035
45.9,45.92396510494972
99.0,98.82463892079807
101.0,100.87858464559298
45.0,44.283432128157536
55.0,55.12298361640302
58.0,58.31665933304655
68.0,66.5856105270364
78.2,77.78816622416662
130.0,133.27290585780037
77.0,76.74706277848681
78.0,77.05937698636502
149.0,147.90216982982764
71.0,67.69222873676412
260.0,260.89538011988014
48.95,47.8186435133913
23.0,21.738561297561024
87.0,86.7648881711537
110.0,109.6890193839774
130.0,129.15560371617022
34.2,33.397685757186935
54.5,54.87745307032705
71.0,70.38072342316133
115.0,117.2277794821114
58.0,58.41698646795707
85.0,84.87989704502894
66.0,66.85341701437702
70.0,70.22381271757287
58.0,58.72904089288764
306.0,310.15161898398054
49.98,49.61791132175631
75.0,74.63076656184111
40.0,39.71466017032151
90.0,89.2422412092078
80.0,79.5564029635737
180.0,182.35082790905508
105.0,106.82656676796216
83.05,82.9115225757524
110.0,123.62105030694428
49.88,50.090428279742625
415.0,413.40717037389135
35.0,37.31817482517481
52.8,53.62671552866679
208.0,203.36437411526222
15.0,15.21109401442503
138.0,138.41360283291203
68.0,68.42521432264034
135.0,187.34932585257727
32.91,32.81480176427569
43.0,41.43993996310064
38.12,38.55770769469011
350.0,348.632571240713
200.0,201.77289843781952
80.0,79.620488052032
39.0,39.744634145670865
80.0,79.13759223846539
101.0,101.51679961296708
49.5,49.138460394516315
38.0,39.24345365258066
785.0,743.1271428571431
68.5,68.13412468652791
112.0,113.9523642234958
60.0,59.05088850389904
50.0,49.835109956311626
79.0,78.68322302151081
21.0,20.56851171149679
100.0,99.56306816123268
78.0,78.47810328710567
54.0,54.459140362107554
88.6,88.0828904042282
45.0,45.09360420894516
226.0,225.95076588226715
70.0,69.83629107450133
70.0,67.78688202410807
205.0,203.80142716431914
86.12,86.58333197441226
65.0,64.52185723107104
135.0,134.78646264369655
70.0,69.91405301608309
125.0,125.58767195741457
125.0,125.58767195741457
55.0,54.92569830303656
39.0,38.960029985500505
55.0,55.21612885035009
65.0,65.12603639732147
153.0,151.91280585090314
100.0,99.43320462564485
80.0,80.00988593991508
70.0,69.03867375295943
67.39,67.72317639204384
60.0,60.135217149308865
48.0,46.935984327010004
48.0,47.20133853728432
95.0,94.57019034617795
49.73,49.38297225638925
52.0,51.037249857893336
120.0,120.51362256939521
35.0,35.46011445849034
130.0,128.9356592041552
60.0,59.74911254609373
69.18,69.27515937865142
110.0,109.79324012650589
58.5,57.21802831728048
172.0,175.05985369441055
25.29,26.128981668872587
56.0,55.51602678876429
87.0,88.28201871035719
137.0,136.14328547648338
51.04,50.676230196915675
195.0,195.57315642813353
337.0,331.68334570495085
85.0,84.87989704502894
62.0,62.38251509804757
239.0,228.13010606706618
175.0,175.35932806014705
46.0,46.1375868372407
38.85,38.91184333796898
57.5,56.68281400585914
350.0,348.3295935894309
289.0,289.9497497775365
55.0,56.20352707940359
85.0,85.59416120747359
250.0,249.55098462115853
47.0,47.83243809747858
107.0,107.16482498931393
50.0,49.56552275174922
20.0,19.5359457365491
41.15,41.801604541207574
65.0,65.76747318179667
55.0,55.225351167010146
280.0,280.99842964502824
62.0,61.88559427967109
64.86,65.1559428183855
45.0,45.34452617293337
75.0,75.02244854583995
70.0,68.83160764962908
58.0,58.26655502424248
85.0,84.87989704502894
38.0,37.81804403245843
110.0,110.19245966214365
96.0,96.69024830138974
32.0,32.62149385369477
390.0,355.71157900390835
77.0,76.75224375493625
110.0,110.69067555905518
28.41,28.87282639035753
43.0,42.40349484971911
44.0,44.8420674449041
850.0,804.4751468253968
53.0,52.763710621393784
60.0,62.02987113843122
85.0,85.25259653615939
85.0,86.01384547076164
625.0,607.4903459595957
25.4,26.01920973109579
115.0,115.21201409154968
82.0,82.82605740299336
30.0,31.26917142698937
74.0,74.28601125390814
170.0,166.30853296295103
70.0,70.25166028232016
103.0,102.1963993381187
155.0,156.43249657515526
57.0,57.37362396313373
1250.0,1057.4229996392494
73.0,73.90453308431589
37.0,37.36954892784864
207.0,202.66597505216745
39.0,38.763648518656225
120.0,120.6832672066456
86.0,86.12574584441396
39.0,39.284864602875075
55.0,54.927293301854085
35.0,36.53487182828115
67.4,66.82852119247691
88.0,85.39955941043716
49.5,49.138460394516315
230.0,229.4070661768358
99.0,99.75531520886521
90.0,89.45957394945623
57.5,57.92705273689239
54.35,54.96028138752709
145.0,144.3941567773276
30.0,32.18563978859796
110.0,109.90463582186163
550.0,531.4345580808081
65.0,64.51332518286418
52.0,52.04594987724481
120.0,122.59711417156714
629.0,598.9924689754689
360.0,362.3274407098423
223.0,225.32853028001784
55.0,55.2773261406466
148.0,147.53747152843997
51.5,50.02168880022467
76.0,75.1101678710375
39.0,38.61543053110122
48.79,47.8186435133913
69.61,68.78463323872414
84.53,85.01662332203671
65.58,65.68152869947775
136.0,133.29303970575776
40.0,39.98765314050563
65.0,65.12023575167196
50.0,50.911183428812635
97.0,97.8518745287549
268.0,269.0869876927538
34.18,34.34196234285434
42.0,41.89741908304004
36.0,35.04407631409012
54.0,53.05553243367351
165.0,167.016094961257
54.5,54.71134852481864
105.0,106.37117379611944
78.5,78.63147374245868
61.95,61.71918161827673
450.0,404.6842169511775
60.0,59.29944793368294
25.84,26.268299682520514
53.35,53.417968776434364
26.01,26.437775028060607
35.0,33.794489983125814
50.0,49.451004685394274
93.0,94.5390223657282
65.0,65.42098174138637
32.73,33.687657032974734
120.0,118.04683328795065
65.0,65.56567798425328
175.0,167.6975977144719
215.0,223.66972818409653
55.0,55.12298361640302
45.0,45.446066184226275
460.0,475.8782617699544
125.0,125.5872471471659
184.0,187.15787120914231
65.0,64.8818966793058
60.0,60.99392734466197
14.04,14.612487275206288
43.415,44.04363445845863
130.0,129.15712233567854
47.32,47.070122596041394
46.0,45.541404926342246
300.0,300.3418070557295
55.0,55.05411959828526
89.0,87.92633664976508
146.0,146.040238688238
105.0,105.25785206509777
265.0,251.98832281868414
85.0,85.33065850912904
98.0,99.28077976358118
63.0,61.581054185771734
85.61,86.32537219660634
501.0,507.68220512820534
159.0,157.9791103210611
62.0,61.494214083667785
150.0,148.84234995004806
103.0,100.70616575128878
75.0,74.79711327742874
125.0,125.34287730570058
55.0,54.63259665182717
17.5,17.044896924888327
110.0,109.9773630945889
185.0,187.89979658521509
46.0,46.18618205522596
90.0,89.29548582010479
42.0,42.197943284387264
42.0,41.84579222629217
154.0,154.9212216769246
40.0,40.13428841185333
295.0,297.4303886100772
74.03,74.00089085792538
22.0,21.714559252721802
101.0,98.85995933594717
250.0,250.58929864291287
60.0,59.488056433478675
67.23,67.4569538820188
180.0,178.9151825989008
44.0,44.751502743266656
73.595,73.62593462096221
260.0,262.3250462704737
400.0,394.0799010380565
150.0,150.07956339820947
240.0,239.66308506527682
40.0,40.7920775870617
80.0,79.6210872508591
75.0,75.00581590477167
40.0,39.59155933360045
30.0,30.588842360257075
200.0,195.22781148127768
65.45,65.48706402742253
180.0,174.65025006366184
511.0,509.3628282326866
60.0,60.02575188882305
48.0,48.57444077432109
130.0,129.15712233567854
44.0,43.87258495532502
86.56,86.28212920010688
75.0,76.34005750665582
74.0,73.53980408915146
51.48,51.650249319059725
65.0,65.56567798425328
48.0,47.43611648210876
80.0,79.85043788495665
120.0,121.06905338131753
75.0,76.15222873130007
95.0,95.74622315171257
31.11,30.89015914502165
72.3,73.24017624543
58.0,56.84479950244556
85.0,85.25259653615939
56.41,56.28207724633784
95.0,95.25647791022104
55.0,54.927293301854085
90.0,92.23075725731618
98.0,97.92563829073114
40.25,40.75083857205759
90.0,90.14726005675861
77.0,79.00819769472115
280.0,287.4838209545413
40.0,39.670939985673265
31.0,30.30819227310868
95.0,94.39260170340505
111.0,110.92683232410418
75.0,74.62404991033954
210.0,215.15576592164288
250.0,249.55098462115853
49.0,47.88257848028177
95.0,96.42296873821415
160.0,159.37668064511445
60.0,59.488056433478675
42.0,41.9343178202921
120.0,120.11213892761847
63.51,62.35793280751463
110.0,109.97987103109682
51.0,51.17248380948477
55.0,55.32209083623982
45.33,45.46544670166222
85.0,83.62795623070053
64.5,64.84073109374714
70.0,69.52824983392979
83.0,81.7846543599409
130.0,131.76678534391448
125.0,125.09139919644018
44.0,44.4309251778436
84.0,83.9938160613741
69.0,69.07372413853743
107.0,108.41205258888637
60.0,61.95087113843122
46.0,45.25226914891017
45.0,45.16080025495594
95.0,94.46482644065118
72.0,73.18975402951519
115.0,115.54691516252083
175.0,175.45932806014704
73.5,73.74111398634933
70.0,70.41994264511851
56.12,56.36001866778451
126.0,126.51268273002717
62.0,61.51705994868384
58.0,58.34123089127912
125.0,127.90706163297395
100.0,99.13822485265605
55.0,55.18775153031871
38.0,38.30198668405646
64.0,64.56791118984573
250.0,253.08710143698036
180.0,181.28596791551934
69.0,69.78503022064137
142.0,146.36825921328955
27.0,27.077018666767163
158.0,158.3313437733616
380.0,388.70541986280676
65.0,64.82497597768601
225.0,230.3363836091257
68.0,67.4209723882279
43.5,42.74166039061316
83.0,82.57860617703504
140.0,139.3496718152741
70.0,69.59289836024288
92.0,91.6090171751602
180.0,174.80118300865797
130.0,131.6305112924463
125.0,125.42120140822644
95.0,96.18664395188935
85.0,84.6127676516218
196.0,198.62312680875522
390.0,398.3803640497118
215.0,211.2268085807083
28.0,27.72443493157668
59.0,59.63559430677331
150.0,149.23917377091504
47.65,48.65878589766044
86.0,86.54321643495977
155.0,156.70172055931852
71.0,70.19862494505124
65.0,64.38932300142288
250.0,255.3047805941217
29.0,28.51322895684695
56.0,55.95986428347266
48.23,47.46590613176205
70.0,70.36845979679478
142.0,138.6680433035927
19.0,18.971374357717607
52.5,53.29887097243799
140.0,139.56629387923738
50.855,50.92896025783305
66.0,66.49340354135803
53.96,54.815740364228816
55.0,56.144615670105715
75.0,75.6013058672912
60.0,59.74998829735252
47.0,47.55981965331547
37.0,37.30474362654194
86.0,85.96046058471218
440.0,428.4013939849048
32.49,32.54452639910027
62.0,60.65150218796521
125.0,125.38076331398152
38.0,37.86904278909637
42.0,42.28400155199465
125.0,123.53287054862139
22.0,22.544800976839923
110.0,109.76411454666207
81.0,81.50138007906102
44.0,42.858908865548436
108.0,108.19511620088826
63.0,63.891094816883594
128.0,129.1078898795382
226.5,227.39180830995886
27.5,27.694233675513345
53.0,54.48738940172952
83.0,81.83767369472689
95.45,96.26489763270042
125.0,125.5872471471659
1950.0,1835.2252554112554
122.0,120.6817188353995
175.0,175.45932806014704
33.0,31.3849133374138
80.0,79.24126684345363
52.5,50.8247775576794
225.0,228.76641119991123
68.0,67.65789018925614
40.0,41.06749971231132
39.0,39.758910840272236
125.0,123.35988095757857
75.0,74.02323402267393
54.51,53.20393407372057
87.0,88.78820473577638
17.0,17.333617691469154
37.15,36.41574431203063
130.0,130.93255582194644
223.0,225.78444134414374
69.0,68.70045821128568
50.75,50.18685008391312
45.0,45.5611604149635
50.66,50.46168234513303
103.0,103.66660110614099
37.0,35.89573616689214
170.0,163.53486647219034
51.0,51.87740005998998
66.68,65.85131042388981
39.0,38.72412621160784
42.25,41.87149677447159
42.0,42.80254300449921
59.6,60.04446536782855
25.0,25.209635269365613
245.0,247.47282041438248
145.0,147.59931954824066
66.0,66.47702938470869
53.0,52.15362061380678
200.0,195.8953767993702
55.0,55.47798661591918
60.0,60.24179801592655
90.0,89.40085573750126
62.0,63.038148777195644
58.0,56.88660460264146
45.0,44.943577189293066
34.0,33.41071153042864
37.0,37.28530012554111
22.5,22.85887590585698
46.79,46.73827784206784
34.0,33.35907862965835
27.0,27.46249938409126
43.0,42.55358338051451
44.0,44.41397056791002
42.0,41.72963341229948
180.0,181.8539430685233
13.0,14.206752986164577
200.0,196.4823088324751
42.0,42.1611311964493
78.0,78.24677476776945
118.0,117.84156284130533
110.0,112.24334479053965
48.0,46.63699245778411
16.45,16.467298534804648
45.68,45.70098451465641
107.0,107.86650869291971
56.0,55.66274719317
79.0,77.60028121871643
105.0,120.69832928191109
95.0,95.68122315171257
50.0,49.424970789715815
27.0,27.553583385576317
35.0,36.62967341558273
36.28,37.09805097997887
44.0,45.047495823168894
65.0,64.86498915061215
160.0,161.6763620439706
52.0,53.76250668596808
38.0,38.304093767895885
47.39,47.140884008751556
110.0,109.7616607669474
75.0,74.35088775058601
110.0,110.01844283341156
44.0,43.61803852579315
175.0,171.32555969847147
150.0,153.11251224635305
52.0,51.621948593885165
441.0,446.0094771911697
67.55,65.43913613364509
93.0,89.68618382795552
48.0,48.90361908435338
55.0,55.23454034386691
625.0,608.9463452380951
51.0,50.381347571043314
105.0,104.28478559127007
40.0,39.46108237701546
51.0,50.53364872252161
100.0,99.4402638581041
75.0,75.13193360036011
402.0,407.0293167751006
219.0,216.36086902015094
46.55,46.605731029077205
57.76,56.574728809117694
60.0,58.95274585978178
175.0,175.35932806014705
200.0,197.99197243397467
123.0,122.5917105958072
70.0,69.21576910852865
95.5,95.53128118560905
31.315,32.025519198670644
55.0,55.05411959828526
125.0,124.47562465332217
68.0,68.85396247947232
55.0,55.18025684711888
39.5,39.89334864726277
19.5,26.536874363275604
31.0,31.934431862361127
200.0,174.68642767302347
45.0,43.731630480289766
17.0,17.71284150465126
75.0,74.88100386776918
72.0,72.31334845450645
50.0,49.7738661383001
20.03,20.477099389189586
36.0,36.72608439994431
65.0,65.57909566265504
153.0,152.9697059637167
75.0,76.22500739549058
35.5,35.540510998100686
130.0,129.58075762936835
58.39,56.85454851284109
95.0,95.4325239984705
56.7,57.078053062970774
60.0,59.50437503471516
66.0,66.47702938470869
93.0,93.36885381003599
105.0,106.10493697048058
60.0,59.67916045428017
220.0,220.60246834482928
130.0,129.15712233567854
55.0,54.92569830303656
135.0,137.95775865723124
61.0,60.79939635616539
117.0,116.42586285045095
75.0,74.97368616861992
250.0,250.89016727797886
293.0,290.97725624119727
30.88,32.26755059475995
62.0,61.44208859439424
75.0,72.64717982753284
34.385,35.092435522953615
295.0,298.88705827974684
60.87,60.1682422093028
38.13,38.55770769469011
90.0,89.26191044147035
97.0,100.19880003993894
75.0,74.7766376878368
48.5,49.16850359857716
51.5,51.32284483715274
48.0,48.05853506654711
90.0,88.89771204759327
250.0,254.09320582315326
92.0,91.90970343168183
38.0,38.20352303138264
241.0,237.10241822453995
42.0,40.31508000280633
36.6,35.16665355870615
31.48,32.51772879361339
48.0,47.5409612082679
100.0,99.88205772968608
440.0,375.78415476190474
108.0,105.88698428199972
72.0,71.89677108687793
95.0,94.68702251420764
103.0,102.15646074094482
45.0,45.404009925595766
80.0,79.14592769958399
47.0,46.46594655813731
110.0,109.76411454666207
62.0,62.82388768273905
140.0,139.3462974363336
37.0,37.56021850091554
46.0,46.35892604023506
375.0,377.53251719873543
66.25,66.56669163535105
42.0,41.6663528366192
700.0,704.3746706349208
45.0,43.969258513145505
65.0,65.25304886616854
41.51,41.90665318018819
44.4,45.01336740188427
180.0,184.87016772116772
78.0,77.84322871838015
66.0,65.55821287465497
425.0,412.759630374554
50.0,50.31604990321227
50.11,50.45661046308266
13.26,14.859837005733533
65.0,65.24887083274787
77.68,77.61373833286251
55.0,55.37555597382717
76.18,76.10817457197498
55.0,54.09781056970792
34.0,33.5458929348063
80.0,79.66105673969952
100.0,99.78457254036091
60.0,60.24179801592655
50.0,49.7738661383001
52.4,51.67757756729271
123.0,121.63609118105725
55.0,54.04511437651509
190.0,172.80880526606347
74.0,73.99411729019151
60.0,59.83126971955602
59.5,60.010417644657025
50.0,51.1962548907977
45.0,45.0461677803138
78.0,77.45810123288001
58.0,58.58730043504726
47.57,48.6518236286653
90.0,131.85354156922233
61.0,61.62456898937255
344.0,342.48160651826356
200.0,199.63561962927818
60.0,59.198248697653554
70.0,70.19218198493101
65.0,64.82988734042219
82.0,80.42470301701196
50.0,49.94240126413808
228.0,234.69542346410333
62.3,62.52699715240991
35.8,36.312247534994256
43.55,43.04052620252556
78.0,77.15463383480014
50.0,48.8406881730171
80.0,79.13759223846539
68.0,67.56200493989788
65.0,65.26177127551381
42.0,41.6663528366192
80.0,79.13759223846539
108.0,108.90087892574458
76.18,76.11886509992529
54.005,53.07973486555815
115.89,119.22159101513517
120.0,118.76801440634532
90.0,90.24900563068257
80.0,203.63894825181703
27.0,27.06665680678806
48.1,48.24700456735154
45.0,45.371530813433594
85.0,85.05715406249243
85.0,84.91524583437642
324.0,319.075840253748
75.0,75.34146039520762
62.0,62.38251509804757
188.0,189.84384728663986
70.0,69.95312412981174
35.4,36.01524102033483
35.0,34.796460080068314
29.0,30.445229210847984
135.0,136.04917427522975
65.0,64.90371975517222
350.0,343.738582094407
100.0,100.15767918552321
110.0,107.04789758774595
80.0,81.28665836724456
70.5,71.17580109670612
150.0,147.44738627785512
78.0,76.33533910544729
35.0,35.11300773536762
80.0,79.5564029635737
43.5,43.968298853564704
70.0,70.68203550111757
39.07,40.44144460478999
104.0,109.48872576195734
95.0,95.47852170593151
550.0,547.6873544733045
50.0,48.19025601884226
45.0,46.039053644209346
92.0,90.39295600309366
56.5,56.45457982100354
86.0,85.96046058471218
400.0,401.526194353254
52.0,52.49852837014578
300.0,301.091287715464
112.0,111.11363695239127
500.0,506.2687873694746
35.0,35.5347028294191
175.0,170.02562866775955
86.0,86.12574584441396
312.0,300.86168222897123
50.75,50.968433706974636
61.0,61.09565396110729
255.0,252.43464480426985
86.8,86.87616723891597
54.11,54.69275747668042
82.0,80.94805886988955
90.0,89.26191044147035
48.5,49.35496771068902
45.0,45.305058045906684
122.5,121.46482709720456
125.0,123.22433018780728
345.0,323.1122457264957
77.0,76.24868205159811
120.0,128.60560966810965
275.0,278.0186911602672
60.0,59.61128705880678
70.0,70.34967004768066
91.79,90.70779132286427
290.0,282.20038785912
60.0,58.99234312247532
59.0,59.15710579085801
53.55,53.364263933732715
145.0,145.7125054415329
91.855,91.91432247930088
450.0,435.9095799804771
73.0,74.04041537840172
100.0,99.26031330332052
82.5,82.8587079954243
140.0,139.4531724363336
175.0,181.3386969922357
24.0,25.081515471293915
260.0,249.46681717153268
45.0,44.95744411669522
170.0,168.11454012662853
59.9,60.31802513917462
147.0,146.61966595598938
89.0,89.02253737344441
43.0,45.14584231466679
46.0,45.25226914891017
210.0,190.46373915294575
58.0,58.95697734208521
54.0,53.509268401108194
140.0,139.39629743633358
45.0,44.95744411669522
85.0,83.93443419827449
450.0,444.01475792119
180.0,182.25645290905507
48.45,49.261624628397925
39.0,38.61543053110122
88.0,89.02555100771696
68.0,67.54296324600179
115.0,112.38034667986574
180.0,177.09015558647235
499.0,1003.5678652703506
95.0,95.06864655766707
71.0,70.64625014717878
68.0,69.97098446048768
39.0,39.442985284545124
30.0,30.381886819154385
60.0,59.74840065158707
59.0,58.65982800833255
80.0,79.28470847504731
66.0,66.10752934974158
10.0,10.71747271338139
57.5,57.92705273689239
270.0,277.14114715392043
64.8,65.14440307460465
56.0,56.458599098381754
150.0,149.70565862438482
19.55,21.430777872237535
65.0,65.36433767652899
51.26,51.43401544728679
150.0,149.16292080401755
196.0,198.84183559996399
110.0,110.32159989236925
250.0,249.8876512878252
130.0,125.25454885169007
52.0,52.29219405482234
55.0,55.335050305804664
240.0,240.14287479884618
50.0,50.6239983713733
120.0,129.0547385624024
75.0,75.21898519249076
103.0,102.17627039075029
40.0,39.84942711882184
88.0,88.52053775005412
55.0,54.818513277023925
96.17,96.9572750709332
50.0,49.7738661383001
48.0,47.76783946843941
75.0,75.1689807858453
138.0,140.7015917877803
42.79,42.61007117637434
180.0,175.39533477689665
140.0,141.20462442412546
48.75,48.58679908288727
140.0,139.62657636508405
270.0,269.7340384114678
77.0,76.64805893274581
47.0,46.36736047026738
60.0,59.678758259816476
310.0,316.1247459244943
65.0,64.03436651840876
100.0,99.88785293730342
60.0,60.135217149308865
35.11,35.71136447108944
150.0,146.23601292877467
175.0,176.21109912376573
53.58,54.17943170718236
90.0,88.17068425570167
32.64,34.17367561298066
45.0,41.67119984616494
59.86,59.54281652089803
57.0,55.90468061920009
160.0,160.8068044192508
76.0,76.7391263143137
38.67,38.719839135714416
60.0,59.484631986380165
105.0,104.30266688342589
50.0,50.284272662722394
36.58,37.20736401784703
34.8,33.449808994751905
160.0,159.2291724088777
165.0,167.92047330323697
68.0,68.02064973242369
45.0,45.43105719306268
45.0,45.57064685678276
52.0,53.76250668596808
92.0,93.33286991368568
77.13,77.03596044229772
72.0,71.36325007250217
37.97,37.81416844130968
47.0,46.801765347895255
39.99,39.35365968903762
116.0,114.15130562208604
41.0,41.80371096444566
38.52,38.475775275793495
26.0,27.449431866598275
73.0,73.0529613179977
270.0,271.10149844406544
60.0,60.324250902646185
161.5,163.77518182068832
67.0,67.4812481557224
45.0,45.29754287958699
25.0,26.246969820736354
250.0,242.69956567705268
450.0,462.9712058497059
107.0,114.01406507442158
49.0,49.46445353865869
45.0,41.44584671296963
1400.0,1286.3990567765568
80.0,79.56123983375718
36.44,37.20736401784703
90.0,89.91340636249987
350.0,351.21048430714137
220.0,213.9427472070275
55.0,55.253852465108324
53.5,53.04995711704351
89.0,88.21276898405924
80.0,79.13759223846539
107.0,107.05030266597903
59.0,58.745493456623144
40.0,41.30527106623016
135.0,134.0537066324854
60.0,59.72954088540287
40.0,41.136519741993204
125.0,125.19952055765906
56.0,55.94526886929796
115.0,114.5673566807961
112.0,110.97931013106448
44.0,43.2341006412626
85.0,86.3303078506499
95.0,95.3446266433065
34.1,34.434029440905675
89.0,87.92227260249138
55.0,55.900088252750045
48.95,49.295901017286816
92.15,91.30003101157827
44.5,43.731630480289766
75.0,75.23991007871534
140.0,141.05855249494263
44.5,45.134128139399266
60.0,59.50437503471516
35.5,36.70454138356301
51.0,51.06687520475206
122.0,127.53521284271282
105.0,101.84762936137936
47.12,45.532765672772314
85.0,84.87989704502894
66.65,65.993255415015
39.5,40.620370199059145
64.0,64.6107048928853
46.76,46.65421772002141
145.0,145.7814469174629
120.0,117.87221096882664
40.0,39.484330587294124
110.0,109.60040497434068
109.0,109.80443324251499
390.0,389.99241495948837
75.0,75.02244854583995
48.0,47.617244891396524
56.0,55.96409778197869
130.0,128.42992038276628
59.01,58.843480205277146
56.0,56.34528886567363
61.2,61.29486940134647
76.0,75.3265416048601
78.0,68.85576399819128
58.7,58.68678079971424
56.25,55.81884627331669
67.0,66.34016282103568
92.0,92.65611869748696
18.5,20.875586147686125
180.0,177.68809689888062
330.0,332.2278538024608
150.0,148.05094033895674
20.0,19.97878391268916
110.0,109.85664251443055
170.0,170.13615366229504
548.5,565.6558106060606
83.22,84.08811227694237
788.0,744.1338095238096
85.0,92.672759756844
86.0,92.08184381395775
62.55,62.47416097122524
80.0,80.36057304972638
117.0,116.17735656259438
720.0,734.0284758297261
45.5,46.11168030208731
300.0,196.87265690321053
200.0,198.0236903826926
63.2,62.79318596471427
90.0,89.96814033734329
34.0,32.33417164496064
179.0,180.27380105897825
94.55,95.15096078956229
47.0,46.74926114424297
41.0,41.80371096444566
170.0,173.73925364503648
45.0,44.99621927633972
52.5,52.11220289070486
90.0,89.00124988260526
37.0,36.23669748915987
251.0,252.0856741905951
30.38,30.75355379348975
225.0,230.5849351584641
95.0,95.99645358902762
90.0,89.18059976534347
72.0,71.43858256976931
38.0,38.33253635211695
53.0,52.95510036620654
260.0,261.51375930305517
58.0,56.81720348354433
78.0,78.24677476776945
210.0,212.32183323577868
95.0,95.52395490169225
97.83,97.47515126811015
62.0,62.61375391911815
65.0,64.84923515783838
55.0,54.927293301854085
200.0,197.55566836424768
56.0,55.33743097653396
51.1,51.03181450406029
49.0,49.3997644857572
140.0,142.09316244471043
79.465,79.74832760157035
45.47,45.489365156459144
285.0,293.2832026581103
450.0,460.9958596064482
75.0,75.45664403187307
50.0,49.18628679220335
175.0,228.54854201757146
125.0,124.75137330247323
45.68,45.77101227861711
21.0,20.4988873246799
61.45,61.60406116851257
33.99,32.90366322686073
80.0,79.99240431823256
106.0,106.72439943728621
29.0,28.295278124155033
170.0,170.3624477037799
39.9,40.20702756614962
45.84,45.920573354461965
170.0,171.62487944796524
66.0,66.47702938470869
50.0,50.31604990321227
60.0,59.58592009898663
115.0,114.02941442590046
53.7,52.527767514861054
57.0,56.03078136858531
70.0,69.91405301608309
65.0,65.33139406512845
88.0,88.68427892156582
212.0,210.02160626376065
65.0,65.56567798425328
58.14,58.01034659316058
48.0,48.40818298149372
120.0,121.43634217508519
302.0,310.2440310055815
126.0,125.57059697944196
105.0,104.15283370215566
83.0,82.46861300811437
85.1,85.43604590992862
145.0,143.77535711006814
55.0,55.18775153031871
37.1,37.66943677430477
44.55,43.06373168936258
46.0,46.1509584238024
60.98,60.47623385651741
46.37,45.700751171659185
63.0,62.67925649578794
47.0,46.51934499344254
136.0,136.80247778435015
700.0,664.9901901154402
95.0,95.18474903814045
55.86,55.607992245966635
35.0,35.06198378732377
95.0,92.30400897743675
155.0,150.53862860161246
86.0,86.03141262717199
48.0,47.432327116235804
110.0,106.1957584564427
73.0,73.742461584042
50.79,50.968433706974636
71.0,70.70800043229683
201.0,201.78175454832427
123.0,121.63609118105725
46.55,46.605731029077205
70.0,70.76474248927579
205.0,208.48300778845933
61.0,60.96856568611286
1824.0,1246.0458856421358
744.0,740.8211424963926
70.0,70.44563162988241
330.0,330.95578801264327
62.78,62.63564489918193
